{
  "canvas": {
    "version": "2.2.11",
    "width": 2000,
    "height": 2000,
    "scrollTop": 0,
    "scrollLeft": 0,
    "zoomLevel": 1,
    "show": {
      "tableComment": true,
      "columnComment": true,
      "columnDataType": true,
      "columnDefault": true,
      "columnAutoIncrement": false,
      "columnPrimaryKey": true,
      "columnUnique": false,
      "columnNotNull": true,
      "relationship": true
    },
    "database": "MySQL",
    "databaseName": "eagleeye",
    "canvasType": "ERD",
    "language": "GraphQL",
    "tableCase": "pascalCase",
    "columnCase": "camelCase",
    "highlightTheme": "VS2015",
    "bracketType": "none",
    "setting": {
      "relationshipDataTypeSync": true,
      "relationshipOptimization": false,
      "columnOrder": [
        "columnName",
        "columnDataType",
        "columnNotNull",
        "columnUnique",
        "columnAutoIncrement",
        "columnDefault",
        "columnComment"
      ]
    },
    "pluginSerializationMap": {}
  },
  "table": {
    "tables": [
      {
        "name": "Users",
        "comment": "",
        "columns": [
          {
            "name": "ID",
            "comment": "",
            "dataType": "INT",
            "default": "",
            "option": {
              "autoIncrement": false,
              "primaryKey": true,
              "unique": false,
              "notNull": true
            },
            "ui": {
              "active": false,
              "pk": true,
              "fk": false,
              "pfk": false,
              "widthName": 60,
              "widthComment": 60,
              "widthDataType": 60,
              "widthDefault": 60
            },
            "id": "73b176be-79c8-417e-a65f-43ebb17dd565"
          },
          {
            "name": "firstName",
            "comment": "",
            "dataType": "VARCHAR",
            "default": "",
            "option": {
              "autoIncrement": false,
              "primaryKey": false,
              "unique": false,
              "notNull": true
            },
            "ui": {
              "active": false,
              "pk": false,
              "fk": false,
              "pfk": false,
              "widthName": 60,
              "widthComment": 60,
              "widthDataType": 64.6005859375,
              "widthDefault": 60
            },
            "id": "93a73005-3130-433e-9413-337ad6da9b7a"
          },
          {
            "name": "lastName",
            "comment": "",
            "dataType": "VARCHAR",
            "default": "",
            "option": {
              "autoIncrement": false,
              "primaryKey": false,
              "unique": false,
              "notNull": true
            },
            "ui": {
              "active": false,
              "pk": false,
              "fk": false,
              "pfk": false,
              "widthName": 60,
              "widthComment": 60,
              "widthDataType": 64.6005859375,
              "widthDefault": 60
            },
            "id": "5c980668-c4fd-49e5-b3f7-1ba8aa0f33e4"
          },
          {
            "name": "phoneNumber",
            "comment": "",
            "dataType": "BIGINT",
            "default": "",
            "option": {
              "autoIncrement": false,
              "primaryKey": false,
              "unique": false,
              "notNull": true
            },
            "ui": {
              "active": false,
              "pk": false,
              "fk": false,
              "pfk": false,
              "widthName": 84.38623046875,
              "widthComment": 60,
              "widthDataType": 60,
              "widthDefault": 60
            },
            "id": "03f5c2fb-46b3-4458-a218-3aaca59e3308"
          },
          {
            "name": "district",
            "comment": "",
            "dataType": "VARCHAR",
            "default": "",
            "option": {
              "autoIncrement": false,
              "primaryKey": false,
              "unique": false,
              "notNull": true
            },
            "ui": {
              "active": false,
              "pk": false,
              "fk": false,
              "pfk": false,
              "widthName": 60,
              "widthComment": 60,
              "widthDataType": 64.6005859375,
              "widthDefault": 60
            },
            "id": "0cccdae1-2a6e-4a76-848f-a79ac7fa8dcf"
          },
          {
            "name": "role",
            "comment": "",
            "dataType": "VARCHAR",
            "default": "",
            "option": {
              "autoIncrement": false,
              "primaryKey": false,
              "unique": false,
              "notNull": true
            },
            "ui": {
              "active": false,
              "pk": false,
              "fk": false,
              "pfk": false,
              "widthName": 60,
              "widthComment": 60,
              "widthDataType": 64.6005859375,
              "widthDefault": 60
            },
            "id": "0aecd6bd-c64c-41d6-a72a-0f94cf2b6d1b"
          }
        ],
        "ui": {
          "active": false,
          "left": 82,
          "top": 348.6667,
          "zIndex": 492,
          "widthName": 60,
          "widthComment": 60,
          "color": "#1A1717"
        },
        "visible": true,
        "id": "caae530d-ef3c-4afd-9118-df19f1f2d17a"
      },
      {
        "name": "SMSClients",
        "comment": "",
        "columns": [
          {
            "name": "ID",
            "comment": "",
            "dataType": "INT",
            "default": "",
            "option": {
              "autoIncrement": false,
              "primaryKey": true,
              "unique": false,
              "notNull": true
            },
            "ui": {
              "active": true,
              "pk": true,
              "fk": false,
              "pfk": false,
              "widthName": 60,
              "widthComment": 60,
              "widthDataType": 60,
              "widthDefault": 60
            },
            "id": "9bad5a0d-1d36-423b-b552-6af88ff98a49"
          },
          {
            "name": "userID",
            "comment": "",
            "dataType": "INT",
            "default": "",
            "option": {
              "autoIncrement": false,
              "primaryKey": false,
              "unique": false,
              "notNull": true
            },
            "ui": {
              "active": false,
              "pk": false,
              "fk": true,
              "pfk": false,
              "widthName": 60,
              "widthComment": 60,
              "widthDataType": 60,
              "widthDefault": 60
            },
            "id": "e21e2cb6-c45b-4741-a64a-d57c73201983"
          }
        ],
        "ui": {
          "active": false,
          "left": 650,
          "top": 370.6667,
          "zIndex": 210,
          "widthName": 69.9072265625,
          "widthComment": 60
        },
        "visible": true,
        "id": "b02496ca-327d-41fe-b0ff-19a3d9f39b6b"
      },
      {
        "name": "WebAndAppUsers",
        "comment": "",
        "columns": [
          {
            "name": "ID",
            "comment": "",
            "dataType": "INT",
            "default": "",
            "option": {
              "autoIncrement": false,
              "primaryKey": false,
              "unique": false,
              "notNull": true
            },
            "ui": {
              "active": false,
              "pk": false,
              "fk": false,
              "pfk": false,
              "widthName": 60,
              "widthComment": 60,
              "widthDataType": 60,
              "widthDefault": 60
            },
            "id": "68177d36-31e3-4a6f-931c-57d358a87985"
          },
          {
            "name": "password",
            "comment": "",
            "dataType": "",
            "default": "",
            "option": {
              "autoIncrement": false,
              "primaryKey": false,
              "unique": false,
              "notNull": false
            },
            "ui": {
              "active": false,
              "pk": false,
              "fk": false,
              "pfk": false,
              "widthName": 60,
              "widthComment": 60,
              "widthDataType": 60,
              "widthDefault": 60
            },
            "id": "5c7007c2-6835-497d-8dfb-51fa6e567012"
          },
          {
            "name": "userID",
            "comment": "",
            "dataType": "INT",
            "default": "",
            "option": {
              "autoIncrement": false,
              "primaryKey": false,
              "unique": false,
              "notNull": true
            },
            "ui": {
              "active": false,
              "pk": false,
              "fk": true,
              "pfk": false,
              "widthName": 60,
              "widthComment": 60,
              "widthDataType": 60,
              "widthDefault": 60
            },
            "id": "068beda0-25a9-42d3-a1e0-037240386310"
          }
        ],
        "ui": {
          "active": false,
          "left": 73.1667,
          "top": 689.1111,
          "zIndex": 235,
          "widthName": 108.7041015625,
          "widthComment": 60
        },
        "visible": true,
        "id": "5fc8cf27-1df9-4dd3-ae4c-904e1399930f"
      },
      {
        "name": "TomatoConditions",
        "comment": "",
        "columns": [
          {
            "name": "ID",
            "comment": "",
            "dataType": "INT",
            "default": "",
            "option": {
              "autoIncrement": false,
              "primaryKey": true,
              "unique": false,
              "notNull": true
            },
            "ui": {
              "active": false,
              "pk": true,
              "fk": false,
              "pfk": false,
              "widthName": 60,
              "widthComment": 60,
              "widthDataType": 60,
              "widthDefault": 60
            },
            "id": "e6c1fa03-4b7e-4b09-be94-89d4ade827e0"
          },
          {
            "name": "name",
            "comment": "",
            "dataType": "VARCHAR",
            "default": "",
            "option": {
              "autoIncrement": false,
              "primaryKey": false,
              "unique": false,
              "notNull": true
            },
            "ui": {
              "active": false,
              "pk": false,
              "fk": false,
              "pfk": false,
              "widthName": 60,
              "widthComment": 60,
              "widthDataType": 64.6005859375,
              "widthDefault": 60
            },
            "id": "52f4d4c2-d85d-4700-9673-9cb5d84b2cd2"
          },
          {
            "name": "description",
            "comment": "",
            "dataType": "TEXT",
            "default": "",
            "option": {
              "autoIncrement": false,
              "primaryKey": false,
              "unique": false,
              "notNull": true
            },
            "ui": {
              "active": false,
              "pk": false,
              "fk": false,
              "pfk": false,
              "widthName": 64.8671875,
              "widthComment": 60,
              "widthDataType": 60,
              "widthDefault": 60
            },
            "id": "04115c79-73ec-4adf-b8c6-adbc27f78425"
          },
          {
            "name": "ID",
            "comment": "",
            "dataType": "INT",
            "default": "",
            "option": {
              "autoIncrement": false,
              "primaryKey": false,
              "unique": false,
              "notNull": true
            },
            "ui": {
              "active": false,
              "pk": false,
              "fk": false,
              "pfk": false,
              "widthName": 60,
              "widthComment": 60,
              "widthDataType": 60,
              "widthDefault": 60
            },
            "id": "3f824d26-f730-4be4-94cf-0af1351a47be"
          },
          {
            "name": "ID",
            "comment": "",
            "dataType": "INT",
            "default": "",
            "option": {
              "autoIncrement": false,
              "primaryKey": false,
              "unique": false,
              "notNull": true
            },
            "ui": {
              "active": false,
              "pk": false,
              "fk": true,
              "pfk": false,
              "widthName": 60,
              "widthComment": 60,
              "widthDataType": 60,
              "widthDefault": 60
            },
            "id": "398d34cd-11c0-43f8-b410-af1ea9a77018"
          }
        ],
        "ui": {
          "active": false,
          "left": 753.3667,
          "top": 768.7111,
          "zIndex": 491,
          "widthName": 106.05712890625,
          "widthComment": 60
        },
        "visible": true,
        "id": "af5cc0e0-d802-4390-9984-37fdd8b6fa89"
      },
      {
        "name": "Symptoms",
        "comment": "",
        "columns": [
          {
            "name": "ID",
            "comment": "",
            "dataType": "INT",
            "default": "",
            "option": {
              "autoIncrement": false,
              "primaryKey": false,
              "unique": false,
              "notNull": true
            },
            "ui": {
              "active": false,
              "pk": false,
              "fk": false,
              "pfk": false,
              "widthName": 60,
              "widthComment": 60,
              "widthDataType": 60,
              "widthDefault": 60
            },
            "id": "0ef5e25c-d9f8-45db-85ba-2108b5658f2f"
          },
          {
            "name": "description",
            "comment": "",
            "dataType": "TEXT",
            "default": "",
            "option": {
              "autoIncrement": false,
              "primaryKey": false,
              "unique": false,
              "notNull": true
            },
            "ui": {
              "active": false,
              "pk": false,
              "fk": false,
              "pfk": false,
              "widthName": 64.8671875,
              "widthComment": 60,
              "widthDataType": 60,
              "widthDefault": 60
            },
            "id": "41b28721-35b7-44f8-8a81-c5bff6ebfe46"
          },
          {
            "name": "conditionID",
            "comment": "",
            "dataType": "INT",
            "default": "",
            "option": {
              "autoIncrement": false,
              "primaryKey": false,
              "unique": false,
              "notNull": true
            },
            "ui": {
              "active": false,
              "pk": false,
              "fk": true,
              "pfk": false,
              "widthName": 67.0380859375,
              "widthComment": 60,
              "widthDataType": 60,
              "widthDefault": 60
            },
            "id": "353008a4-a3b7-4e21-887d-bd5dc8389a03"
          }
        ],
        "ui": {
          "active": false,
          "left": 233.1667,
          "top": 1015.5111,
          "zIndex": 435,
          "widthName": 63.40087890625,
          "widthComment": 60,
          "color": "#2C2828"
        },
        "visible": true,
        "id": "cb230598-3404-41bc-bf16-580ac18fc1e2"
      },
      {
        "name": "Controls",
        "comment": "",
        "columns": [
          {
            "name": "ID",
            "comment": "",
            "dataType": "INT",
            "default": "",
            "option": {
              "autoIncrement": false,
              "primaryKey": false,
              "unique": false,
              "notNull": true
            },
            "ui": {
              "active": false,
              "pk": false,
              "fk": false,
              "pfk": false,
              "widthName": 60,
              "widthComment": 60,
              "widthDataType": 60,
              "widthDefault": 60
            },
            "id": "52deb08d-3ae1-4b37-af86-11c53b244f82"
          },
          {
            "name": "description",
            "comment": "",
            "dataType": "TEXT",
            "default": "",
            "option": {
              "autoIncrement": false,
              "primaryKey": false,
              "unique": false,
              "notNull": true
            },
            "ui": {
              "active": false,
              "pk": false,
              "fk": false,
              "pfk": false,
              "widthName": 64.8671875,
              "widthComment": 60,
              "widthDataType": 60,
              "widthDefault": 60
            },
            "id": "0da89c44-6c30-445c-b1a5-5da0e9cc8fec"
          },
          {
            "name": "conditionID",
            "comment": "",
            "dataType": "INT",
            "default": "",
            "option": {
              "autoIncrement": false,
              "primaryKey": false,
              "unique": false,
              "notNull": true
            },
            "ui": {
              "active": false,
              "pk": false,
              "fk": true,
              "pfk": false,
              "widthName": 67.0380859375,
              "widthComment": 60,
              "widthDataType": 60,
              "widthDefault": 60
            },
            "id": "c02014da-c40e-4301-8af1-c0800297d04a"
          }
        ],
        "ui": {
          "active": false,
          "left": 688.9667,
          "top": 1048.9111,
          "zIndex": 434,
          "widthName": 60,
          "widthComment": 60
        },
        "visible": true,
        "id": "81089e3a-7979-4504-bf5d-b7d1c2c6bbca"
      },
      {
        "name": "applicableChemicals",
        "comment": "",
        "columns": [
          {
            "name": "ID",
            "comment": "",
            "dataType": "INT",
            "default": "",
            "option": {
              "autoIncrement": false,
              "primaryKey": true,
              "unique": false,
              "notNull": true
            },
            "ui": {
              "active": false,
              "pk": true,
              "fk": false,
              "pfk": false,
              "widthName": 60,
              "widthComment": 60,
              "widthDataType": 60,
              "widthDefault": 60
            },
            "id": "77b9111c-9b00-4926-bdab-2b3a8c600cf6"
          },
          {
            "name": "name",
            "comment": "",
            "dataType": "VARCHAR",
            "default": "",
            "option": {
              "autoIncrement": false,
              "primaryKey": false,
              "unique": false,
              "notNull": true
            },
            "ui": {
              "active": false,
              "pk": false,
              "fk": false,
              "pfk": false,
              "widthName": 60,
              "widthComment": 60,
              "widthDataType": 64.6005859375,
              "widthDefault": 60
            },
            "id": "21027a08-a0ce-47ae-a11f-a219037a5b85"
          },
          {
            "name": "dosage",
            "comment": "",
            "dataType": "VARCHAR",
            "default": "",
            "option": {
              "autoIncrement": false,
              "primaryKey": false,
              "unique": false,
              "notNull": false
            },
            "ui": {
              "active": false,
              "pk": false,
              "fk": false,
              "pfk": false,
              "widthName": 60,
              "widthComment": 60,
              "widthDataType": 64.6005859375,
              "widthDefault": 60
            },
            "id": "061df4a6-7da0-4817-b46e-1bf3ec685a1d"
          },
          {
            "name": "conditionID",
            "comment": "",
            "dataType": "INT",
            "default": "",
            "option": {
              "autoIncrement": false,
              "primaryKey": false,
              "unique": false,
              "notNull": true
            },
            "ui": {
              "active": false,
              "pk": false,
              "fk": true,
              "pfk": false,
              "widthName": 67.0380859375,
              "widthComment": 60,
              "widthDataType": 60,
              "widthDefault": 60
            },
            "id": "acdf1439-4574-41d3-bf3e-4e368e864fd9"
          }
        ],
        "ui": {
          "active": false,
          "left": 1096.7667,
          "top": 1006.6444,
          "zIndex": 433,
          "widthName": 121.22802734375,
          "widthComment": 60
        },
        "visible": true,
        "id": "39f65131-66cf-40ff-baa0-c4dce33d1b73"
      },
      {
        "name": "diseaseLogs",
        "comment": "",
        "columns": [
          {
            "name": "ID",
            "comment": "",
            "dataType": "INT",
            "default": "",
            "option": {
              "autoIncrement": false,
              "primaryKey": true,
              "unique": false,
              "notNull": true
            },
            "ui": {
              "active": false,
              "pk": true,
              "fk": false,
              "pfk": false,
              "widthName": 60,
              "widthComment": 60,
              "widthDataType": 60,
              "widthDefault": 60
            },
            "id": "a38ef733-b311-480b-8a2b-d1a097fb8893"
          },
          {
            "name": "time",
            "comment": "",
            "dataType": "DATETIME",
            "default": "",
            "option": {
              "autoIncrement": false,
              "primaryKey": false,
              "unique": false,
              "notNull": true
            },
            "ui": {
              "active": false,
              "pk": false,
              "fk": false,
              "pfk": false,
              "widthName": 60,
              "widthComment": 60,
              "widthDataType": 66.7587890625,
              "widthDefault": 60
            },
            "id": "29718681-9cfc-453f-836e-617e6f596e3b"
          },
          {
            "name": "districtRecorded",
            "comment": "",
            "dataType": "VARCHAR",
            "default": "",
            "option": {
              "autoIncrement": false,
              "primaryKey": false,
              "unique": false,
              "notNull": false
            },
            "ui": {
              "active": false,
              "pk": false,
              "fk": false,
              "pfk": false,
              "widthName": 95.92626953125,
              "widthComment": 60,
              "widthDataType": 64.6005859375,
              "widthDefault": 60
            },
            "id": "46033e04-9b9f-4bf4-ba5f-cf14904b1ae9"
          },
          {
            "name": "triggerredSMS",
            "comment": "",
            "dataType": "BOOLEAN",
            "default": "",
            "option": {
              "autoIncrement": false,
              "primaryKey": false,
              "unique": false,
              "notNull": false
            },
            "ui": {
              "active": false,
              "pk": false,
              "fk": false,
              "pfk": false,
              "widthName": 85.80810546875,
              "widthComment": 60,
              "widthDataType": 64.8544921875,
              "widthDefault": 60
            },
            "id": "15b27d8e-b011-4396-b9d5-b1bb35aa3eb5"
          }
        ],
        "ui": {
          "active": false,
          "left": 682.6667,
          "top": 503.3334,
          "zIndex": 490,
          "widthName": 74.998046875,
          "widthComment": 60
        },
        "visible": true,
        "id": "c46dab3f-5e0f-45af-aed2-30fbdf009f24"
      }
    ],
    "indexes": []
  },
  "memo": {
    "memos": []
  },
  "relationship": {
    "relationships": [
      {
        "identification": false,
        "relationshipType": "ZeroN",
        "startRelationshipType": "Dash",
        "start": {
          "tableId": "caae530d-ef3c-4afd-9118-df19f1f2d17a",
          "columnIds": [
            "73b176be-79c8-417e-a65f-43ebb17dd565"
          ],
          "x": 457.98681640625,
          "y": 444.6667,
          "direction": "right"
        },
        "end": {
          "tableId": "b02496ca-327d-41fe-b0ff-19a3d9f39b6b",
          "columnIds": [
            "e21e2cb6-c45b-4741-a64a-d57c73201983"
          ],
          "x": 650,
          "y": 425.6667,
          "direction": "left"
        },
        "constraintName": "fk_users_to_smsclients",
        "visible": true,
        "id": "99fc9fed-9865-414a-8289-6837a11bc46b"
      },
      {
        "identification": false,
        "relationshipType": "ZeroN",
        "startRelationshipType": "Dash",
        "start": {
          "tableId": "caae530d-ef3c-4afd-9118-df19f1f2d17a",
          "columnIds": [
            "73b176be-79c8-417e-a65f-43ebb17dd565"
          ],
          "x": 269.993408203125,
          "y": 540.6667,
          "direction": "bottom"
        },
        "end": {
          "tableId": "5fc8cf27-1df9-4dd3-ae4c-904e1399930f",
          "columnIds": [
            "068beda0-25a9-42d3-a1e0-037240386310"
          ],
          "x": 246.6667,
          "y": 689.1111,
          "direction": "top"
        },
        "constraintName": "fk_users_to_webandappusers",
        "visible": true,
        "id": "125e39f0-6f4e-450b-92b6-1c93355b0d8e"
      },
      {
        "identification": false,
        "relationshipType": "ZeroN",
        "startRelationshipType": "Dash",
        "start": {
          "tableId": "af5cc0e0-d802-4390-9984-37fdd8b6fa89",
          "columnIds": [
            "e6c1fa03-4b7e-4b09-be94-89d4ade827e0"
          ],
          "x": 753.3667,
          "y": 854.4611,
          "direction": "left"
        },
        "end": {
          "tableId": "cb230598-3404-41bc-bf16-580ac18fc1e2",
          "columnIds": [
            "353008a4-a3b7-4e21-887d-bd5dc8389a03"
          ],
          "x": 587.2047859375,
          "y": 1080.7611000000002,
          "direction": "right"
        },
        "constraintName": "fk_tomatoconditions_to_symptoms",
        "visible": true,
        "id": "e15bea1c-5050-4046-96b4-3791c8f661ba"
      },
      {
        "identification": false,
        "relationshipType": "ZeroN",
        "startRelationshipType": "Dash",
        "start": {
          "tableId": "af5cc0e0-d802-4390-9984-37fdd8b6fa89",
          "columnIds": [
            "e6c1fa03-4b7e-4b09-be94-89d4ade827e0"
          ],
          "x": 842.483643359375,
          "y": 940.2111,
          "direction": "bottom"
        },
        "end": {
          "tableId": "81089e3a-7979-4504-bf5d-b7d1c2c6bbca",
          "columnIds": [
            "c02014da-c40e-4301-8af1-c0800297d04a"
          ],
          "x": 865.98574296875,
          "y": 1048.9111,
          "direction": "top"
        },
        "constraintName": "fk_tomatoconditions_to_controls",
        "visible": true,
        "id": "c1cef345-4929-4bce-88f5-ad91389dcb89"
      },
      {
        "identification": false,
        "relationshipType": "ZeroN",
        "startRelationshipType": "Dash",
        "start": {
          "tableId": "af5cc0e0-d802-4390-9984-37fdd8b6fa89",
          "columnIds": [
            "e6c1fa03-4b7e-4b09-be94-89d4ade827e0"
          ],
          "x": 1020.717530078125,
          "y": 940.2111,
          "direction": "bottom"
        },
        "end": {
          "tableId": "39f65131-66cf-40ff-baa0-c4dce33d1b73",
          "columnIds": [
            "acdf1439-4574-41d3-bf3e-4e368e864fd9"
          ],
          "x": 1096.7667,
          "y": 1082.1444000000001,
          "direction": "left"
        },
        "constraintName": "fk_tomatoconditions_to_applicablechemicals",
        "visible": true,
        "id": "47baf8f8-2d76-4f4b-af36-824548b8fdab"
      },
      {
        "identification": false,
        "relationshipType": "ZeroN",
        "startRelationshipType": "Dash",
        "start": {
          "tableId": "c46dab3f-5e0f-45af-aed2-30fbdf009f24",
          "columnIds": [
            "a38ef733-b311-480b-8a2b-d1a097fb8893"
          ],
          "x": 877.509229296875,
          "y": 654.3334,
          "direction": "bottom"
        },
        "end": {
          "tableId": "af5cc0e0-d802-4390-9984-37fdd8b6fa89",
          "columnIds": [
            "398d34cd-11c0-43f8-b410-af1ea9a77018"
          ],
          "x": 931.60058671875,
          "y": 768.7111,
          "direction": "top"
        },
        "constraintName": "fk_diseaselogs_to_tomatoconditions",
        "visible": true,
        "id": "3e0979df-9dfa-4a6d-a14d-90608c7d6509"
      }
    ]
  }
}